filename,artist,genre,style,title
image_0.jpg,<PIL.JpegImagePlugin.JpegImageFile image mode=RGB size=750x597 at 0x10F19A7E0>,4,21
image_1.jpg,<PIL.JpegImagePlugin.JpegImageFile image mode=RGB size=1382x1659 at 0x1101C6C90>,7,4
image_2.jpg,<PIL.JpegImagePlugin.JpegImageFile image mode=RGB size=1382x1673 at 0x1101C6E70>,6,20
image_3.jpg,<PIL.JpegImagePlugin.JpegImageFile image mode=RGB size=1472x1382 at 0x1101C7050>,2,12
image_4.jpg,<PIL.JpegImagePlugin.JpegImageFile image mode=RGB size=1965x1382 at 0x1101C7230>,10,23
image_5.jpg,<PIL.JpegImagePlugin.JpegImageFile image mode=RGB size=1710x1382 at 0x1101C7410>,2,3
image_6.jpg,<PIL.JpegImagePlugin.JpegImageFile image mode=RGB size=1382x1896 at 0x1101C75F0>,10,21
image_7.jpg,<PIL.JpegImagePlugin.JpegImageFile image mode=RGB size=1744x1382 at 0x1101C77D0>,4,23
image_8.jpg,<PIL.JpegImagePlugin.JpegImageFile image mode=RGB size=1382x2149 at 0x1101C79B0>,7,17
image_9.jpg,<PIL.JpegImagePlugin.JpegImageFile image mode=RGB size=1382x2341 at 0x1101C7B90>,6,21
image_10.jpg,<PIL.JpegImagePlugin.JpegImageFile image mode=RGB size=2126x1382 at 0x10ECB17C0>,4,23
image_11.jpg,<PIL.JpegImagePlugin.JpegImageFile image mode=RGB size=1423x1382 at 0x1101C7F50>,2,24
image_12.jpg,<PIL.JpegImagePlugin.JpegImageFile image mode=RGB size=2327x1382 at 0x1101E4170>,4,24
image_13.jpg,<PIL.JpegImagePlugin.JpegImageFile image mode=RGB size=1382x1806 at 0x1101E4350>,6,21
image_14.jpg,<PIL.JpegImagePlugin.JpegImageFile image mode=RGB size=1382x1731 at 0x1101E4530>,6,12
image_15.jpg,<PIL.JpegImagePlugin.JpegImageFile image mode=RGB size=1382x1777 at 0x1101E4710>,9,15
image_16.jpg,<PIL.JpegImagePlugin.JpegImageFile image mode=RGB size=1382x2370 at 0x1101E48F0>,8,21
image_17.jpg,<PIL.JpegImagePlugin.JpegImageFile image mode=RGB size=1382x1864 at 0x1101E4AD0>,3,23
image_18.jpg,<PIL.JpegImagePlugin.JpegImageFile image mode=RGB size=1706x1382 at 0x1101E4CB0>,4,23
image_19.jpg,<PIL.JpegImagePlugin.JpegImageFile image mode=RGB size=1382x1849 at 0x1101E4E90>,3,23
image_20.jpg,<PIL.JpegImagePlugin.JpegImageFile image mode=RGB size=1382x1664 at 0x1101C7D10>,8,4
image_21.jpg,<PIL.JpegImagePlugin.JpegImageFile image mode=RGB size=1382x2002 at 0x1101E5250>,4,21
image_22.jpg,<PIL.JpegImagePlugin.JpegImageFile image mode=RGB size=1940x1382 at 0x1101E5430>,1,12
image_23.jpg,<PIL.JpegImagePlugin.JpegImageFile image mode=RGB size=1883x1382 at 0x1101E5610>,8,9
image_24.jpg,<PIL.JpegImagePlugin.JpegImageFile image mode=RGB size=1382x1656 at 0x1101E57F0>,6,4
image_25.jpg,<PIL.JpegImagePlugin.JpegImageFile image mode=RGB size=1727x1382 at 0x1101E59D0>,1,12
image_26.jpg,<PIL.JpegImagePlugin.JpegImageFile image mode=RGB size=1763x1382 at 0x1101E5BB0>,4,24
image_27.jpg,<PIL.JpegImagePlugin.JpegImageFile image mode=RGB size=1382x1864 at 0x1101E5D90>,10,9
image_28.jpg,<PIL.JpegImagePlugin.JpegImageFile image mode=RGB size=2236x1382 at 0x1101E5F70>,8,21
image_29.jpg,<PIL.JpegImagePlugin.JpegImageFile image mode=RGB size=1382x1832 at 0x1101E6120>,5,21
image_30.jpg,<PIL.JpegImagePlugin.JpegImageFile image mode=RGB size=1382x1808 at 0x1101E5040>,6,21
image_31.jpg,<PIL.JpegImagePlugin.JpegImageFile image mode=RGB size=1382x2406 at 0x1101E64E0>,7,17
image_32.jpg,<PIL.JpegImagePlugin.JpegImageFile image mode=RGB size=1746x1382 at 0x1101E66C0>,9,20
image_33.jpg,<PIL.JpegImagePlugin.JpegImageFile image mode=RGB size=1382x1857 at 0x1101E68A0>,10,15
image_34.jpg,<PIL.JpegImagePlugin.JpegImageFile image mode=RGB size=1382x1832 at 0x1101E6A50>,6,9
image_35.jpg,<PIL.JpegImagePlugin.JpegImageFile image mode=RGB size=1927x1382 at 0x1101E6C30>,4,23
image_36.jpg,<PIL.JpegImagePlugin.JpegImageFile image mode=RGB size=1382x1744 at 0x1101E6E10>,7,15
image_37.jpg,<PIL.JpegImagePlugin.JpegImageFile image mode=RGB size=1382x2068 at 0x1101E6FF0>,10,3
image_38.jpg,<PIL.JpegImagePlugin.JpegImageFile image mode=RGB size=1382x2096 at 0x1101E71D0>,5,3
image_39.jpg,<PIL.JpegImagePlugin.JpegImageFile image mode=RGB size=1382x1725 at 0x1101E73B0>,6,4
image_40.jpg,<PIL.JpegImagePlugin.JpegImageFile image mode=RGB size=1382x1700 at 0x1101E62D0>,9,12
image_41.jpg,<PIL.JpegImagePlugin.JpegImageFile image mode=RGB size=1382x1943 at 0x1101E7770>,6,21
image_42.jpg,<PIL.JpegImagePlugin.JpegImageFile image mode=RGB size=1902x1382 at 0x1101E7950>,8,24
image_43.jpg,<PIL.JpegImagePlugin.JpegImageFile image mode=RGB size=2258x1382 at 0x1101E7B30>,4,12
image_44.jpg,<PIL.JpegImagePlugin.JpegImageFile image mode=RGB size=1987x1382 at 0x1101E7CE0>,9,12
image_45.jpg,<PIL.JpegImagePlugin.JpegImageFile image mode=RGB size=1382x1908 at 0x1101E7EC0>,2,9
image_46.jpg,<PIL.JpegImagePlugin.JpegImageFile image mode=RGB size=1382x2062 at 0x1101F00E0>,6,17
image_47.jpg,<PIL.JpegImagePlugin.JpegImageFile image mode=RGB size=1889x1382 at 0x1101F02C0>,4,20
image_48.jpg,<PIL.JpegImagePlugin.JpegImageFile image mode=RGB size=1382x2606 at 0x1101F04A0>,8,21
image_49.jpg,<PIL.JpegImagePlugin.JpegImageFile image mode=RGB size=1382x1644 at 0x1101F0680>,2,20
image_50.jpg,<PIL.JpegImagePlugin.JpegImageFile image mode=RGB size=1382x1868 at 0x1101E75C0>,6,20
image_51.jpg,<PIL.JpegImagePlugin.JpegImageFile image mode=RGB size=1382x2144 at 0x1101F0A10>,2,3
image_52.jpg,<PIL.JpegImagePlugin.JpegImageFile image mode=RGB size=2678x1382 at 0x1101F0BF0>,8,21
image_53.jpg,<PIL.JpegImagePlugin.JpegImageFile image mode=RGB size=1382x1753 at 0x1101F0DD0>,10,12
image_54.jpg,<PIL.JpegImagePlugin.JpegImageFile image mode=RGB size=1751x1382 at 0x1101F0FB0>,4,20
image_55.jpg,<PIL.JpegImagePlugin.JpegImageFile image mode=RGB size=1382x1675 at 0x1101F1160>,6,4
image_56.jpg,<PIL.JpegImagePlugin.JpegImageFile image mode=RGB size=1924x1382 at 0x1101F1310>,1,21
image_57.jpg,<PIL.JpegImagePlugin.JpegImageFile image mode=RGB size=1382x1666 at 0x1101F14F0>,4,12
image_58.jpg,<PIL.JpegImagePlugin.JpegImageFile image mode=RGB size=1382x1542 at 0x1101F16D0>,5,21
image_59.jpg,<PIL.JpegImagePlugin.JpegImageFile image mode=RGB size=2357x1382 at 0x1101F18B0>,4,24
image_60.jpg,<PIL.JpegImagePlugin.JpegImageFile image mode=RGB size=1382x1756 at 0x1101F0830>,6,17
image_61.jpg,<PIL.JpegImagePlugin.JpegImageFile image mode=RGB size=1382x2003 at 0x1101F1C70>,2,17
image_62.jpg,<PIL.JpegImagePlugin.JpegImageFile image mode=RGB size=1382x1722 at 0x1101F1E50>,3,23
image_63.jpg,<PIL.JpegImagePlugin.JpegImageFile image mode=RGB size=2105x1382 at 0x1101F2030>,10,3
image_64.jpg,<PIL.JpegImagePlugin.JpegImageFile image mode=RGB size=2245x1382 at 0x1101F2210>,2,21
image_65.jpg,<PIL.JpegImagePlugin.JpegImageFile image mode=RGB size=1382x1663 at 0x1101F23F0>,10,23
image_66.jpg,<PIL.JpegImagePlugin.JpegImageFile image mode=RGB size=1382x1816 at 0x1101F25A0>,3,23
image_67.jpg,<PIL.JpegImagePlugin.JpegImageFile image mode=RGB size=1382x1566 at 0x1101F2780>,6,12
image_68.jpg,<PIL.JpegImagePlugin.JpegImageFile image mode=RGB size=1382x2764 at 0x1101F2960>,2,15
image_69.jpg,<PIL.JpegImagePlugin.JpegImageFile image mode=RGB size=1941x1382 at 0x1101F2B10>,7,21
image_70.jpg,<PIL.JpegImagePlugin.JpegImageFile image mode=RGB size=1382x1974 at 0x1101F1A60>,6,17
image_71.jpg,<PIL.JpegImagePlugin.JpegImageFile image mode=RGB size=2045x1382 at 0x1101F2ED0>,4,12
image_72.jpg,<PIL.JpegImagePlugin.JpegImageFile image mode=RGB size=1382x2004 at 0x1101F30B0>,2,21
image_73.jpg,<PIL.JpegImagePlugin.JpegImageFile image mode=RGB size=1893x1382 at 0x1101F3260>,7,24
image_74.jpg,<PIL.JpegImagePlugin.JpegImageFile image mode=RGB size=1382x2212 at 0x1101F3440>,6,12
image_75.jpg,<PIL.JpegImagePlugin.JpegImageFile image mode=RGB size=1382x1682 at 0x1101F3620>,6,12
image_76.jpg,<PIL.JpegImagePlugin.JpegImageFile image mode=RGB size=1685x1382 at 0x1101F3800>,1,12
image_77.jpg,<PIL.JpegImagePlugin.JpegImageFile image mode=RGB size=1906x1382 at 0x1101F39E0>,4,12
image_78.jpg,<PIL.JpegImagePlugin.JpegImageFile image mode=RGB size=1382x1382 at 0x1101F3BC0>,4,12
image_79.jpg,<PIL.JpegImagePlugin.JpegImageFile image mode=RGB size=1668x1382 at 0x1101F3DA0>,1,12
image_80.jpg,<PIL.JpegImagePlugin.JpegImageFile image mode=RGB size=1899x1382 at 0x1101F2CC0>,4,20
image_81.jpg,<PIL.JpegImagePlugin.JpegImageFile image mode=RGB size=1552x1382 at 0x1101F81A0>,2,12
image_82.jpg,<PIL.JpegImagePlugin.JpegImageFile image mode=RGB size=1382x1744 at 0x1101F8380>,3,23
image_83.jpg,<PIL.JpegImagePlugin.JpegImageFile image mode=RGB size=2108x1382 at 0x1101F8560>,4,24
image_84.jpg,<PIL.JpegImagePlugin.JpegImageFile image mode=RGB size=1752x1382 at 0x1101F8740>,10,12
image_85.jpg,<PIL.JpegImagePlugin.JpegImageFile image mode=RGB size=2146x1382 at 0x1101F8920>,1,12
image_86.jpg,<PIL.JpegImagePlugin.JpegImageFile image mode=RGB size=1995x1382 at 0x1101F8B00>,1,12
image_87.jpg,<PIL.JpegImagePlugin.JpegImageFile image mode=RGB size=1968x1382 at 0x1101F8CE0>,2,20
image_88.jpg,<PIL.JpegImagePlugin.JpegImageFile image mode=RGB size=1845x1382 at 0x1101F8EC0>,1,3
image_89.jpg,<PIL.JpegImagePlugin.JpegImageFile image mode=RGB size=1776x1382 at 0x1101F90A0>,5,12
image_90.jpg,<PIL.JpegImagePlugin.JpegImageFile image mode=RGB size=2462x1382 at 0x1101F0320>,2,12
image_91.jpg,<PIL.JpegImagePlugin.JpegImageFile image mode=RGB size=1842x1382 at 0x1101F9430>,10,9
image_92.jpg,<PIL.JpegImagePlugin.JpegImageFile image mode=RGB size=1939x1382 at 0x1101F95E0>,4,12
image_93.jpg,<PIL.JpegImagePlugin.JpegImageFile image mode=RGB size=1382x1601 at 0x1101F97C0>,6,21
image_94.jpg,<PIL.JpegImagePlugin.JpegImageFile image mode=RGB size=2050x1382 at 0x1101F99A0>,4,12
image_95.jpg,<PIL.JpegImagePlugin.JpegImageFile image mode=RGB size=1823x1382 at 0x1101F9B80>,4,24
image_96.jpg,<PIL.JpegImagePlugin.JpegImageFile image mode=RGB size=2126x1382 at 0x1101F9D60>,2,12
image_97.jpg,<PIL.JpegImagePlugin.JpegImageFile image mode=RGB size=1865x1382 at 0x1101F9F40>,4,12
image_98.jpg,<PIL.JpegImagePlugin.JpegImageFile image mode=RGB size=1382x1718 at 0x1101FA120>,10,4
image_99.jpg,<PIL.JpegImagePlugin.JpegImageFile image mode=RGB size=1669x1382 at 0x1101FA300>,9,7
image_100.jpg,<PIL.JpegImagePlugin.JpegImageFile image mode=RGB size=1532x1382 at 0x1101F9250>,2,17
image_101.jpg,<PIL.JpegImagePlugin.JpegImageFile image mode=RGB size=2073x1382 at 0x1101FA690>,4,24
image_102.jpg,<PIL.JpegImagePlugin.JpegImageFile image mode=RGB size=1632x1382 at 0x1101FA870>,9,9
image_103.jpg,<PIL.JpegImagePlugin.JpegImageFile image mode=RGB size=2229x1382 at 0x1101FAA50>,10,7
image_104.jpg,<PIL.JpegImagePlugin.JpegImageFile image mode=RGB size=1382x1718 at 0x1101FAC30>,4,20
image_105.jpg,<PIL.JpegImagePlugin.JpegImageFile image mode=RGB size=2196x1381 at 0x1101FAE10>,8,24
image_106.jpg,<PIL.JpegImagePlugin.JpegImageFile image mode=RGB size=1382x1596 at 0x1101FAFF0>,5,3
image_107.jpg,<PIL.JpegImagePlugin.JpegImageFile image mode=RGB size=2211x1382 at 0x1101FB1D0>,4,23
image_108.jpg,<PIL.JpegImagePlugin.JpegImageFile image mode=RGB size=1863x1382 at 0x1101FB3B0>,9,7
image_109.jpg,<PIL.JpegImagePlugin.JpegImageFile image mode=RGB size=2155x1382 at 0x1101FB590>,2,24
image_110.jpg,<PIL.JpegImagePlugin.JpegImageFile image mode=RGB size=1804x1382 at 0x1101FA4B0>,4,20
image_111.jpg,<PIL.JpegImagePlugin.JpegImageFile image mode=RGB size=1710x1382 at 0x1101FB950>,10,4
image_112.jpg,<PIL.JpegImagePlugin.JpegImageFile image mode=RGB size=2386x1382 at 0x1101FBB30>,4,24
image_113.jpg,<PIL.JpegImagePlugin.JpegImageFile image mode=RGB size=1382x2329 at 0x1101FBD10>,10,21
image_114.jpg,<PIL.JpegImagePlugin.JpegImageFile image mode=RGB size=1917x1382 at 0x1101FBEF0>,2,4
image_115.jpg,<PIL.JpegImagePlugin.JpegImageFile image mode=RGB size=1382x1924 at 0x110200110>,2,20
image_116.jpg,<PIL.JpegImagePlugin.JpegImageFile image mode=RGB size=1552x1382 at 0x1102002F0>,4,12
image_117.jpg,<PIL.JpegImagePlugin.JpegImageFile image mode=RGB size=1582x1382 at 0x1102004D0>,4,21
image_118.jpg,<PIL.JpegImagePlugin.JpegImageFile image mode=RGB size=1382x1808 at 0x1102006B0>,8,21
image_119.jpg,<PIL.JpegImagePlugin.JpegImageFile image mode=RGB size=2530x1381 at 0x110200890>,1,12
image_120.jpg,<PIL.JpegImagePlugin.JpegImageFile image mode=RGB size=1743x1382 at 0x1101FB7A0>,7,23
image_121.jpg,<PIL.JpegImagePlugin.JpegImageFile image mode=RGB size=1382x1803 at 0x110200C50>,3,15
image_122.jpg,<PIL.JpegImagePlugin.JpegImageFile image mode=RGB size=1944x1382 at 0x110200E30>,1,12
image_123.jpg,<PIL.JpegImagePlugin.JpegImageFile image mode=RGB size=1382x1878 at 0x110201010>,3,23
image_124.jpg,<PIL.JpegImagePlugin.JpegImageFile image mode=RGB size=1382x1584 at 0x1102011F0>,4,21
image_125.jpg,<PIL.JpegImagePlugin.JpegImageFile image mode=RGB size=1382x1691 at 0x1102013D0>,6,17
image_126.jpg,<PIL.JpegImagePlugin.JpegImageFile image mode=RGB size=1946x1382 at 0x1102015B0>,4,12
image_127.jpg,<PIL.JpegImagePlugin.JpegImageFile image mode=RGB size=1381x1682 at 0x110201790>,8,4
image_128.jpg,<PIL.JpegImagePlugin.JpegImageFile image mode=RGB size=1764x1382 at 0x110201970>,8,20
image_129.jpg,<PIL.JpegImagePlugin.JpegImageFile image mode=RGB size=1802x1382 at 0x110201B50>,2,20
image_130.jpg,<PIL.JpegImagePlugin.JpegImageFile image mode=RGB size=1382x1914 at 0x110200A40>,3,23
image_131.jpg,<PIL.JpegImagePlugin.JpegImageFile image mode=RGB size=1382x1885 at 0x110201F10>,6,21
image_132.jpg,<PIL.JpegImagePlugin.JpegImageFile image mode=RGB size=1382x1807 at 0x1102020F0>,4,21
image_133.jpg,<PIL.JpegImagePlugin.JpegImageFile image mode=RGB size=1382x2554 at 0x1102022D0>,2,21
image_134.jpg,<PIL.JpegImagePlugin.JpegImageFile image mode=RGB size=1661x1382 at 0x1102024B0>,4,12
image_135.jpg,<PIL.JpegImagePlugin.JpegImageFile image mode=RGB size=1382x1697 at 0x110202690>,2,15
image_136.jpg,<PIL.JpegImagePlugin.JpegImageFile image mode=RGB size=1693x1382 at 0x110202870>,4,21
image_137.jpg,<PIL.JpegImagePlugin.JpegImageFile image mode=RGB size=1979x1382 at 0x110202A50>,2,3
image_138.jpg,<PIL.JpegImagePlugin.JpegImageFile image mode=RGB size=2073x1382 at 0x110202C30>,4,24
image_139.jpg,<PIL.JpegImagePlugin.JpegImageFile image mode=RGB size=1996x1382 at 0x110202E10>,3,15
image_140.jpg,<PIL.JpegImagePlugin.JpegImageFile image mode=RGB size=1382x2280 at 0x110201D00>,9,21
image_141.jpg,<PIL.JpegImagePlugin.JpegImageFile image mode=RGB size=1625x1382 at 0x1102031D0>,4,12
image_142.jpg,<PIL.JpegImagePlugin.JpegImageFile image mode=RGB size=2344x1382 at 0x1102033B0>,8,24
image_143.jpg,<PIL.JpegImagePlugin.JpegImageFile image mode=RGB size=1381x2087 at 0x110203590>,1,12
image_144.jpg,<PIL.JpegImagePlugin.JpegImageFile image mode=RGB size=1382x1774 at 0x110203770>,4,21
image_145.jpg,<PIL.JpegImagePlugin.JpegImageFile image mode=RGB size=1856x1382 at 0x110203950>,10,21
image_146.jpg,<PIL.JpegImagePlugin.JpegImageFile image mode=RGB size=2018x1382 at 0x110203B30>,8,20
image_147.jpg,<PIL.JpegImagePlugin.JpegImageFile image mode=RGB size=1382x1974 at 0x110203D10>,6,17
image_148.jpg,<PIL.JpegImagePlugin.JpegImageFile image mode=RGB size=1898x1382 at 0x110203EF0>,2,12
image_149.jpg,<PIL.JpegImagePlugin.JpegImageFile image mode=RGB size=1729x1382 at 0x110204110>,4,7
image_150.jpg,<PIL.JpegImagePlugin.JpegImageFile image mode=RGB size=1736x1382 at 0x110202FF0>,2,9
image_151.jpg,<PIL.JpegImagePlugin.JpegImageFile image mode=RGB size=1967x1382 at 0x1102044D0>,4,12
image_152.jpg,<PIL.JpegImagePlugin.JpegImageFile image mode=RGB size=2039x1382 at 0x1102046B0>,4,21
image_153.jpg,<PIL.JpegImagePlugin.JpegImageFile image mode=RGB size=1382x1611 at 0x110204890>,10,20
image_154.jpg,<PIL.JpegImagePlugin.JpegImageFile image mode=RGB size=1382x1714 at 0x110204A70>,3,23
image_155.jpg,<PIL.JpegImagePlugin.JpegImageFile image mode=RGB size=1382x1917 at 0x110204C50>,1,12
image_156.jpg,<PIL.JpegImagePlugin.JpegImageFile image mode=RGB size=1741x1382 at 0x110204E30>,1,3
image_157.jpg,<PIL.JpegImagePlugin.JpegImageFile image mode=RGB size=1475x1382 at 0x110205010>,10,12
image_158.jpg,<PIL.JpegImagePlugin.JpegImageFile image mode=RGB size=2165x1382 at 0x1102051F0>,4,23
image_159.jpg,<PIL.JpegImagePlugin.JpegImageFile image mode=RGB size=1382x1690 at 0x1102053D0>,1,7
image_160.jpg,<PIL.JpegImagePlugin.JpegImageFile image mode=RGB size=1382x1818 at 0x1102042C0>,10,12
image_161.jpg,<PIL.JpegImagePlugin.JpegImageFile image mode=RGB size=2334x1382 at 0x110205790>,4,12
image_162.jpg,<PIL.JpegImagePlugin.JpegImageFile image mode=RGB size=1753x1382 at 0x110205970>,4,20
image_163.jpg,<PIL.JpegImagePlugin.JpegImageFile image mode=RGB size=1886x1382 at 0x110205B50>,4,20
image_164.jpg,<PIL.JpegImagePlugin.JpegImageFile image mode=RGB size=1382x2180 at 0x110205D30>,8,21
image_165.jpg,<PIL.JpegImagePlugin.JpegImageFile image mode=RGB size=1382x1926 at 0x110205F10>,7,15
image_166.jpg,<PIL.JpegImagePlugin.JpegImageFile image mode=RGB size=1382x1737 at 0x1102060F0>,6,17
image_167.jpg,<PIL.JpegImagePlugin.JpegImageFile image mode=RGB size=1382x1918 at 0x1102062D0>,7,17
image_168.jpg,<PIL.JpegImagePlugin.JpegImageFile image mode=RGB size=1791x1382 at 0x1102064B0>,8,20
image_169.jpg,<PIL.JpegImagePlugin.JpegImageFile image mode=RGB size=1382x1400 at 0x110206690>,2,3
image_170.jpg,<PIL.JpegImagePlugin.JpegImageFile image mode=RGB size=1862x1382 at 0x110205580>,7,17
image_171.jpg,<PIL.JpegImagePlugin.JpegImageFile image mode=RGB size=1382x1683 at 0x110206A50>,4,21
image_172.jpg,<PIL.JpegImagePlugin.JpegImageFile image mode=RGB size=2222x1382 at 0x110206C30>,8,12
image_173.jpg,<PIL.JpegImagePlugin.JpegImageFile image mode=RGB size=2047x1382 at 0x110206E10>,10,24
image_174.jpg,<PIL.JpegImagePlugin.JpegImageFile image mode=RGB size=2073x1382 at 0x110206FF0>,4,24
image_175.jpg,<PIL.JpegImagePlugin.JpegImageFile image mode=RGB size=1382x1850 at 0x1102071D0>,5,9
image_176.jpg,<PIL.JpegImagePlugin.JpegImageFile image mode=RGB size=1382x1840 at 0x1102073B0>,9,20
image_177.jpg,<PIL.JpegImagePlugin.JpegImageFile image mode=RGB size=1382x1944 at 0x110207590>,5,12
image_178.jpg,<PIL.JpegImagePlugin.JpegImageFile image mode=RGB size=1382x1527 at 0x110207770>,2,12
image_179.jpg,<PIL.JpegImagePlugin.JpegImageFile image mode=RGB size=2036x1382 at 0x110207950>,10,3
image_180.jpg,<PIL.JpegImagePlugin.JpegImageFile image mode=RGB size=1382x1720 at 0x110206840>,3,23
image_181.jpg,<PIL.JpegImagePlugin.JpegImageFile image mode=RGB size=1382x1865 at 0x110207D10>,8,17
image_182.jpg,<PIL.JpegImagePlugin.JpegImageFile image mode=RGB size=2081x1382 at 0x110207EF0>,10,12
image_183.jpg,<PIL.JpegImagePlugin.JpegImageFile image mode=RGB size=1645x1382 at 0x11020C110>,2,9
image_184.jpg,<PIL.JpegImagePlugin.JpegImageFile image mode=RGB size=1382x1900 at 0x11020C2F0>,2,7
image_185.jpg,<PIL.JpegImagePlugin.JpegImageFile image mode=RGB size=1730x1382 at 0x11020C4D0>,2,12
image_186.jpg,<PIL.JpegImagePlugin.JpegImageFile image mode=RGB size=1382x1873 at 0x11020C6B0>,5,12
image_187.jpg,<PIL.JpegImagePlugin.JpegImageFile image mode=RGB size=2039x1382 at 0x11020C890>,10,24
image_188.jpg,<PIL.JpegImagePlugin.JpegImageFile image mode=RGB size=2033x1382 at 0x11020CA70>,2,12
image_189.jpg,<PIL.JpegImagePlugin.JpegImageFile image mode=RGB size=1382x1932 at 0x11020CC50>,6,7
image_190.jpg,<PIL.JpegImagePlugin.JpegImageFile image mode=RGB size=1738x1382 at 0x110207B60>,2,21
image_191.jpg,<PIL.JpegImagePlugin.JpegImageFile image mode=RGB size=1968x1382 at 0x11020D010>,10,21
image_192.jpg,<PIL.JpegImagePlugin.JpegImageFile image mode=RGB size=2236x1382 at 0x11020D1F0>,8,20
image_193.jpg,<PIL.JpegImagePlugin.JpegImageFile image mode=RGB size=1381x1509 at 0x11020D3D0>,10,4
image_194.jpg,<PIL.JpegImagePlugin.JpegImageFile image mode=RGB size=1382x1762 at 0x11020D5B0>,6,4
image_195.jpg,<PIL.JpegImagePlugin.JpegImageFile image mode=RGB size=1382x1648 at 0x11020D790>,5,12
image_196.jpg,<PIL.JpegImagePlugin.JpegImageFile image mode=RGB size=2122x1382 at 0x11020D970>,4,24
image_197.jpg,<PIL.JpegImagePlugin.JpegImageFile image mode=RGB size=2092x1382 at 0x11020DB50>,8,21
image_198.jpg,<PIL.JpegImagePlugin.JpegImageFile image mode=RGB size=2157x1382 at 0x11020DD30>,1,12
image_199.jpg,<PIL.JpegImagePlugin.JpegImageFile image mode=RGB size=1382x1764 at 0x11020DE50>,6,20
image_200.jpg,<PIL.JpegImagePlugin.JpegImageFile image mode=RGB size=1767x1382 at 0x11020CBC0>,4,21
image_201.jpg,<PIL.JpegImagePlugin.JpegImageFile image mode=RGB size=1382x1779 at 0x11020C950>,5,7
image_202.jpg,<PIL.JpegImagePlugin.JpegImageFile image mode=RGB size=1708x1382 at 0x11020DBB0>,10,21
image_203.jpg,<PIL.JpegImagePlugin.JpegImageFile image mode=RGB size=1769x1382 at 0x11020CEC0>,4,20
image_204.jpg,<PIL.JpegImagePlugin.JpegImageFile image mode=RGB size=1382x1840 at 0x11020CA70>,3,23
image_205.jpg,<PIL.JpegImagePlugin.JpegImageFile image mode=RGB size=1382x1790 at 0x11020DF10>,7,15
image_206.jpg,<PIL.JpegImagePlugin.JpegImageFile image mode=RGB size=1714x1382 at 0x11020CB30>,8,7
image_207.jpg,<PIL.JpegImagePlugin.JpegImageFile image mode=RGB size=1883x1382 at 0x11020DBB0>,4,9
image_208.jpg,<PIL.JpegImagePlugin.JpegImageFile image mode=RGB size=2225x1382 at 0x11020CEC0>,10,23
image_209.jpg,<PIL.JpegImagePlugin.JpegImageFile image mode=RGB size=1382x1904 at 0x11020CA70>,8,21
image_210.jpg,<PIL.JpegImagePlugin.JpegImageFile image mode=RGB size=1883x1382 at 0x11020DB20>,2,23
image_211.jpg,<PIL.JpegImagePlugin.JpegImageFile image mode=RGB size=2008x1381 at 0x11020DD00>,1,23
image_212.jpg,<PIL.JpegImagePlugin.JpegImageFile image mode=RGB size=1382x1828 at 0x11020DE20>,2,7
image_213.jpg,<PIL.JpegImagePlugin.JpegImageFile image mode=RGB size=2258x1382 at 0x11020DD30>,8,21
image_214.jpg,<PIL.JpegImagePlugin.JpegImageFile image mode=RGB size=1382x1845 at 0x11020C9B0>,6,21
image_215.jpg,<PIL.JpegImagePlugin.JpegImageFile image mode=RGB size=1382x2097 at 0x11020DB20>,8,21
image_216.jpg,<PIL.JpegImagePlugin.JpegImageFile image mode=RGB size=1382x1904 at 0x11020DC10>,10,12
image_217.jpg,<PIL.JpegImagePlugin.JpegImageFile image mode=RGB size=2137x1382 at 0x11020DE20>,8,7
image_218.jpg,<PIL.JpegImagePlugin.JpegImageFile image mode=RGB size=1382x2073 at 0x11020D130>,2,15
image_219.jpg,<PIL.JpegImagePlugin.JpegImageFile image mode=RGB size=1971x1382 at 0x11020C9B0>,4,21
image_220.jpg,<PIL.JpegImagePlugin.JpegImageFile image mode=RGB size=1656x1382 at 0x11020DBB0>,4,12
image_221.jpg,<PIL.JpegImagePlugin.JpegImageFile image mode=RGB size=1797x1382 at 0x11020DC10>,10,21
image_222.jpg,<PIL.JpegImagePlugin.JpegImageFile image mode=RGB size=1382x1749 at 0x11020CBF0>,3,23
image_223.jpg,<PIL.JpegImagePlugin.JpegImageFile image mode=RGB size=1633x1381 at 0x11020CEC0>,10,20
image_224.jpg,<PIL.JpegImagePlugin.JpegImageFile image mode=RGB size=1755x1382 at 0x11020DD90>,10,20
image_225.jpg,<PIL.JpegImagePlugin.JpegImageFile image mode=RGB size=1382x2230 at 0x11020DBB0>,2,3
image_226.jpg,<PIL.JpegImagePlugin.JpegImageFile image mode=RGB size=1382x1683 at 0x11020CAA0>,6,21
image_227.jpg,<PIL.JpegImagePlugin.JpegImageFile image mode=RGB size=1382x1873 at 0x11020CBF0>,4,21
image_228.jpg,<PIL.JpegImagePlugin.JpegImageFile image mode=RGB size=1437x1382 at 0x11020CEC0>,4,12
image_229.jpg,<PIL.JpegImagePlugin.JpegImageFile image mode=RGB size=1382x1877 at 0x11020DCD0>,2,9
image_230.jpg,<PIL.JpegImagePlugin.JpegImageFile image mode=RGB size=1382x1869 at 0x11020DE20>,6,21
image_231.jpg,<PIL.JpegImagePlugin.JpegImageFile image mode=RGB size=1826x1382 at 0x11020CAA0>,10,17
image_232.jpg,<PIL.JpegImagePlugin.JpegImageFile image mode=RGB size=1382x1727 at 0x11020E090>,3,23
image_233.jpg,<PIL.JpegImagePlugin.JpegImageFile image mode=RGB size=2180x1382 at 0x11020DDF0>,1,21
image_234.jpg,<PIL.JpegImagePlugin.JpegImageFile image mode=RGB size=1442x1382 at 0x11020E030>,10,3
image_235.jpg,<PIL.JpegImagePlugin.JpegImageFile image mode=RGB size=2153x1382 at 0x11020C9B0>,2,3
image_236.jpg,<PIL.JpegImagePlugin.JpegImageFile image mode=RGB size=1382x1670 at 0x11020DC70>,8,21
image_237.jpg,<PIL.JpegImagePlugin.JpegImageFile image mode=RGB size=2152x1382 at 0x11020DD30>,10,21
image_238.jpg,<PIL.JpegImagePlugin.JpegImageFile image mode=RGB size=1618x1382 at 0x11020DD60>,10,21
image_239.jpg,<PIL.JpegImagePlugin.JpegImageFile image mode=RGB size=1823x1382 at 0x11020DB20>,8,20
image_240.jpg,<PIL.JpegImagePlugin.JpegImageFile image mode=RGB size=1981x1382 at 0x11020CBF0>,4,9
image_241.jpg,<PIL.JpegImagePlugin.JpegImageFile image mode=RGB size=2082x1382 at 0x11020CB30>,4,12
image_242.jpg,<PIL.JpegImagePlugin.JpegImageFile image mode=RGB size=1382x2140 at 0x11020C230>,1,12
image_243.jpg,<PIL.JpegImagePlugin.JpegImageFile image mode=RGB size=1382x1792 at 0x11020E0F0>,4,21
image_244.jpg,<PIL.JpegImagePlugin.JpegImageFile image mode=RGB size=1382x2046 at 0x11020CE00>,6,12
image_245.jpg,<PIL.JpegImagePlugin.JpegImageFile image mode=RGB size=1949x1382 at 0x11020DE20>,10,3
image_246.jpg,<PIL.JpegImagePlugin.JpegImageFile image mode=RGB size=1382x1503 at 0x11020CBC0>,4,12
image_247.jpg,<PIL.JpegImagePlugin.JpegImageFile image mode=RGB size=1382x1813 at 0x11020DD90>,10,20
image_248.jpg,<PIL.JpegImagePlugin.JpegImageFile image mode=RGB size=1863x1382 at 0x11020DBB0>,4,24
image_249.jpg,<PIL.JpegImagePlugin.JpegImageFile image mode=RGB size=2207x1382 at 0x11020C950>,8,21
image_250.jpg,<PIL.JpegImagePlugin.JpegImageFile image mode=RGB size=1680x1382 at 0x11020DFD0>,8,21
image_251.jpg,<PIL.JpegImagePlugin.JpegImageFile image mode=RGB size=1382x2041 at 0x11020DB50>,9,21
image_252.jpg,<PIL.JpegImagePlugin.JpegImageFile image mode=RGB size=1818x1382 at 0x11020DD30>,4,12
image_253.jpg,<PIL.JpegImagePlugin.JpegImageFile image mode=RGB size=1714x1382 at 0x11020CD70>,5,12
image_254.jpg,<PIL.JpegImagePlugin.JpegImageFile image mode=RGB size=1382x1766 at 0x11020C860>,4,20
image_255.jpg,<PIL.JpegImagePlugin.JpegImageFile image mode=RGB size=1382x2079 at 0x11020CBF0>,5,12
image_256.jpg,<PIL.JpegImagePlugin.JpegImageFile image mode=RGB size=1382x1818 at 0x11020E030>,3,23
image_257.jpg,<PIL.JpegImagePlugin.JpegImageFile image mode=RGB size=2485x1382 at 0x11020CAA0>,2,3
image_258.jpg,<PIL.JpegImagePlugin.JpegImageFile image mode=RGB size=1790x1382 at 0x11020D130>,8,20
image_259.jpg,<PIL.JpegImagePlugin.JpegImageFile image mode=RGB size=2699x1382 at 0x11020CE90>,10,10
image_260.jpg,<PIL.JpegImagePlugin.JpegImageFile image mode=RGB size=1382x2049 at 0x11020CDA0>,9,2
image_261.jpg,<PIL.JpegImagePlugin.JpegImageFile image mode=RGB size=1755x1382 at 0x11020E060>,4,12
image_262.jpg,<PIL.JpegImagePlugin.JpegImageFile image mode=RGB size=1382x2085 at 0x11020DD90>,7,0
image_263.jpg,<PIL.JpegImagePlugin.JpegImageFile image mode=RGB size=1382x1604 at 0x11020DD60>,8,21
image_264.jpg,<PIL.JpegImagePlugin.JpegImageFile image mode=RGB size=1858x1382 at 0x11020DDC0>,1,12
image_265.jpg,<PIL.JpegImagePlugin.JpegImageFile image mode=RGB size=1752x1382 at 0x11020DFD0>,4,12
image_266.jpg,<PIL.JpegImagePlugin.JpegImageFile image mode=RGB size=1986x1382 at 0x11020CE00>,4,12
image_267.jpg,<PIL.JpegImagePlugin.JpegImageFile image mode=RGB size=2108x1382 at 0x11020CB30>,4,12
image_268.jpg,<PIL.JpegImagePlugin.JpegImageFile image mode=RGB size=1518x1382 at 0x11020CEC0>,7,23
image_269.jpg,<PIL.JpegImagePlugin.JpegImageFile image mode=RGB size=1382x1772 at 0x11020CDD0>,5,12
image_270.jpg,<PIL.JpegImagePlugin.JpegImageFile image mode=RGB size=1382x1704 at 0x11020CAA0>,6,21
image_271.jpg,<PIL.JpegImagePlugin.JpegImageFile image mode=RGB size=1958x1382 at 0x11020CD40>,2,21
image_272.jpg,<PIL.JpegImagePlugin.JpegImageFile image mode=RGB size=1382x1929 at 0x11020DF70>,3,23
image_273.jpg,<PIL.JpegImagePlugin.JpegImageFile image mode=RGB size=1382x1677 at 0x11020DBB0>,7,17
image_274.jpg,<PIL.JpegImagePlugin.JpegImageFile image mode=RGB size=1382x1773 at 0x11020DFA0>,8,21
image_275.jpg,<PIL.JpegImagePlugin.JpegImageFile image mode=RGB size=1382x2139 at 0x11020CDA0>,6,21
image_276.jpg,<PIL.JpegImagePlugin.JpegImageFile image mode=RGB size=1382x1927 at 0x11020DC70>,6,21
image_277.jpg,<PIL.JpegImagePlugin.JpegImageFile image mode=RGB size=1836x1382 at 0x11020CD70>,4,12
image_278.jpg,<PIL.JpegImagePlugin.JpegImageFile image mode=RGB size=1734x1382 at 0x11020DBB0>,8,20
image_279.jpg,<PIL.JpegImagePlugin.JpegImageFile image mode=RGB size=1875x1382 at 0x11020E030>,4,12
image_280.jpg,<PIL.JpegImagePlugin.JpegImageFile image mode=RGB size=1382x1558 at 0x11020CB30>,6,20
image_281.jpg,<PIL.JpegImagePlugin.JpegImageFile image mode=RGB size=1676x1382 at 0x11020DEE0>,2,12
image_282.jpg,<PIL.JpegImagePlugin.JpegImageFile image mode=RGB size=1768x1382 at 0x11020CCE0>,4,24
image_283.jpg,<PIL.JpegImagePlugin.JpegImageFile image mode=RGB size=1382x2093 at 0x11020CBF0>,10,3
image_284.jpg,<PIL.JpegImagePlugin.JpegImageFile image mode=RGB size=1891x1381 at 0x11020CC80>,4,12
image_285.jpg,<PIL.JpegImagePlugin.JpegImageFile image mode=RGB size=2269x1382 at 0x11020CDD0>,10,23
image_286.jpg,<PIL.JpegImagePlugin.JpegImageFile image mode=RGB size=1382x1699 at 0x11020CBC0>,7,4
image_287.jpg,<PIL.JpegImagePlugin.JpegImageFile image mode=RGB size=1997x1382 at 0x11020DD60>,2,9
image_288.jpg,<PIL.JpegImagePlugin.JpegImageFile image mode=RGB size=1382x1657 at 0x11020DDC0>,6,12
image_289.jpg,<PIL.JpegImagePlugin.JpegImageFile image mode=RGB size=1382x1690 at 0x11020DFD0>,6,12
image_290.jpg,<PIL.JpegImagePlugin.JpegImageFile image mode=RGB size=2807x1382 at 0x11020E000>,10,12
image_291.jpg,<PIL.JpegImagePlugin.JpegImageFile image mode=RGB size=2162x1382 at 0x11020E090>,2,3
image_292.jpg,<PIL.JpegImagePlugin.JpegImageFile image mode=RGB size=2264x1382 at 0x11020CE00>,8,20
image_293.jpg,<PIL.JpegImagePlugin.JpegImageFile image mode=RGB size=1382x2002 at 0x11020DC10>,9,7
image_294.jpg,<PIL.JpegImagePlugin.JpegImageFile image mode=RGB size=1382x2194 at 0x11020CAD0>,2,21
image_295.jpg,<PIL.JpegImagePlugin.JpegImageFile image mode=RGB size=1382x1828 at 0x11020DFD0>,6,21
image_296.jpg,<PIL.JpegImagePlugin.JpegImageFile image mode=RGB size=1382x1644 at 0x11020E000>,10,12
image_297.jpg,<PIL.JpegImagePlugin.JpegImageFile image mode=RGB size=1382x1632 at 0x11020E090>,6,21
image_298.jpg,<PIL.JpegImagePlugin.JpegImageFile image mode=RGB size=1758x1382 at 0x11020CE00>,1,20
image_299.jpg,<PIL.JpegImagePlugin.JpegImageFile image mode=RGB size=1778x1382 at 0x11020DC10>,5,9
image_300.jpg,<PIL.JpegImagePlugin.JpegImageFile image mode=RGB size=1382x3098 at 0x11020DD60>,6,21
image_301.jpg,<PIL.JpegImagePlugin.JpegImageFile image mode=RGB size=1382x1488 at 0x11020CA70>,8,21
image_302.jpg,<PIL.JpegImagePlugin.JpegImageFile image mode=RGB size=1382x1708 at 0x11020CC20>,9,2
image_303.jpg,<PIL.JpegImagePlugin.JpegImageFile image mode=RGB size=1382x1637 at 0x11020DF40>,6,7
image_304.jpg,<PIL.JpegImagePlugin.JpegImageFile image mode=RGB size=1382x1880 at 0x11020CB00>,10,24
image_305.jpg,<PIL.JpegImagePlugin.JpegImageFile image mode=RGB size=1985x1382 at 0x11020CD40>,4,21
image_306.jpg,<PIL.JpegImagePlugin.JpegImageFile image mode=RGB size=1382x1921 at 0x11020CA40>,6,21
image_307.jpg,<PIL.JpegImagePlugin.JpegImageFile image mode=RGB size=1761x1382 at 0x11020CBF0>,10,12
image_308.jpg,<PIL.JpegImagePlugin.JpegImageFile image mode=RGB size=1382x2382 at 0x11020CC80>,8,21
image_309.jpg,<PIL.JpegImagePlugin.JpegImageFile image mode=RGB size=1382x1682 at 0x11020CDD0>,2,12
image_310.jpg,<PIL.JpegImagePlugin.JpegImageFile image mode=RGB size=1382x2506 at 0x11020DF70>,2,3
image_311.jpg,<PIL.JpegImagePlugin.JpegImageFile image mode=RGB size=1382x2164 at 0x11020DDF0>,10,3
image_312.jpg,<PIL.JpegImagePlugin.JpegImageFile image mode=RGB size=1538x1381 at 0x11020CBC0>,9,21
image_313.jpg,<PIL.JpegImagePlugin.JpegImageFile image mode=RGB size=2194x1382 at 0x11020DD00>,10,23
image_314.jpg,<PIL.JpegImagePlugin.JpegImageFile image mode=RGB size=1382x1852 at 0x11020DBB0>,7,24
image_315.jpg,<PIL.JpegImagePlugin.JpegImageFile image mode=RGB size=1382x1968 at 0x11020CDD0>,9,2
image_316.jpg,<PIL.JpegImagePlugin.JpegImageFile image mode=RGB size=1382x2467 at 0x11020DF70>,8,21
image_317.jpg,<PIL.JpegImagePlugin.JpegImageFile image mode=RGB size=1382x1892 at 0x11020DDF0>,7,23
image_318.jpg,<PIL.JpegImagePlugin.JpegImageFile image mode=RGB size=1682x1382 at 0x11020CBC0>,2,12
image_319.jpg,<PIL.JpegImagePlugin.JpegImageFile image mode=RGB size=1382x1888 at 0x11020DD00>,7,23
image_320.jpg,<PIL.JpegImagePlugin.JpegImageFile image mode=RGB size=1382x1492 at 0x11020CBF0>,10,12
image_321.jpg,<PIL.JpegImagePlugin.JpegImageFile image mode=RGB size=1442x1382 at 0x11020C950>,2,12
image_322.jpg,<PIL.JpegImagePlugin.JpegImageFile image mode=RGB size=1915x1382 at 0x11020DE80>,7,4
image_323.jpg,<PIL.JpegImagePlugin.JpegImageFile image mode=RGB size=1922x1382 at 0x11020CE60>,7,17
image_324.jpg,<PIL.JpegImagePlugin.JpegImageFile image mode=RGB size=2258x1382 at 0x11020E0F0>,8,21
image_325.jpg,<PIL.JpegImagePlugin.JpegImageFile image mode=RGB size=1998x1382 at 0x11020C9B0>,7,17
image_326.jpg,<PIL.JpegImagePlugin.JpegImageFile image mode=RGB size=2657x1382 at 0x11020DE50>,4,24
image_327.jpg,<PIL.JpegImagePlugin.JpegImageFile image mode=RGB size=1382x1820 at 0x11020DF40>,2,12
image_328.jpg,<PIL.JpegImagePlugin.JpegImageFile image mode=RGB size=1863x1382 at 0x11020CB00>,2,12
image_329.jpg,<PIL.JpegImagePlugin.JpegImageFile image mode=RGB size=1382x1804 at 0x11020CD40>,10,21
image_330.jpg,<PIL.JpegImagePlugin.JpegImageFile image mode=RGB size=1774x1382 at 0x11020DFD0>,4,23
image_331.jpg,<PIL.JpegImagePlugin.JpegImageFile image mode=RGB size=1382x2214 at 0x11020DB50>,6,7
image_332.jpg,<PIL.JpegImagePlugin.JpegImageFile image mode=RGB size=2189x1382 at 0x11020CA40>,7,24
image_333.jpg,<PIL.JpegImagePlugin.JpegImageFile image mode=RGB size=1382x2764 at 0x11020DD30>,6,21
image_334.jpg,<PIL.JpegImagePlugin.JpegImageFile image mode=RGB size=1381x2319 at 0x11020CE00>,6,21
image_335.jpg,<PIL.JpegImagePlugin.JpegImageFile image mode=RGB size=1382x1599 at 0x11020CD40>,8,15
image_336.jpg,<PIL.JpegImagePlugin.JpegImageFile image mode=RGB size=1837x1382 at 0x11020DFD0>,2,21
image_337.jpg,<PIL.JpegImagePlugin.JpegImageFile image mode=RGB size=1382x1751 at 0x11020DB50>,7,17
image_338.jpg,<PIL.JpegImagePlugin.JpegImageFile image mode=RGB size=1425x1382 at 0x11020CA40>,10,17
image_339.jpg,<PIL.JpegImagePlugin.JpegImageFile image mode=RGB size=1382x2647 at 0x11020DD30>,6,21
image_340.jpg,<PIL.JpegImagePlugin.JpegImageFile image mode=RGB size=1797x1382 at 0x11020DF40>,8,3
image_341.jpg,<PIL.JpegImagePlugin.JpegImageFile image mode=RGB size=2071x1382 at 0x11020E030>,2,21
image_342.jpg,<PIL.JpegImagePlugin.JpegImageFile image mode=RGB size=1879x1382 at 0x11020DEB0>,10,23
image_343.jpg,<PIL.JpegImagePlugin.JpegImageFile image mode=RGB size=1878x1381 at 0x11020CDA0>,4,20
image_344.jpg,<PIL.JpegImagePlugin.JpegImageFile image mode=RGB size=1753x1382 at 0x11020DB20>,4,12
image_345.jpg,<PIL.JpegImagePlugin.JpegImageFile image mode=RGB size=1382x1950 at 0x11020DC70>,10,20
image_346.jpg,<PIL.JpegImagePlugin.JpegImageFile image mode=RGB size=2163x1382 at 0x11020C230>,4,12
image_347.jpg,<PIL.JpegImagePlugin.JpegImageFile image mode=RGB size=1382x1654 at 0x11020CE60>,6,21
image_348.jpg,<PIL.JpegImagePlugin.JpegImageFile image mode=RGB size=2078x1382 at 0x11020E0F0>,4,24
image_349.jpg,<PIL.JpegImagePlugin.JpegImageFile image mode=RGB size=1523x1382 at 0x11020C9B0>,10,17
image_350.jpg,<PIL.JpegImagePlugin.JpegImageFile image mode=RGB size=1382x1952 at 0x11020CDD0>,6,20
image_351.jpg,<PIL.JpegImagePlugin.JpegImageFile image mode=RGB size=1382x1694 at 0x11020DCD0>,10,4
image_352.jpg,<PIL.JpegImagePlugin.JpegImageFile image mode=RGB size=1703x1382 at 0x11020DE50>,2,20
image_353.jpg,<PIL.JpegImagePlugin.JpegImageFile image mode=RGB size=1382x1429 at 0x11020DE20>,2,3
image_354.jpg,<PIL.JpegImagePlugin.JpegImageFile image mode=RGB size=1797x1382 at 0x11020CBC0>,9,20
image_355.jpg,<PIL.JpegImagePlugin.JpegImageFile image mode=RGB size=1694x1382 at 0x11020C9B0>,6,4
image_356.jpg,<PIL.JpegImagePlugin.JpegImageFile image mode=RGB size=1382x1903 at 0x11020CDD0>,10,12
image_357.jpg,<PIL.JpegImagePlugin.JpegImageFile image mode=RGB size=2614x1382 at 0x11020DCD0>,6,21
image_358.jpg,<PIL.JpegImagePlugin.JpegImageFile image mode=RGB size=1382x1930 at 0x11020DE50>,6,21
image_359.jpg,<PIL.JpegImagePlugin.JpegImageFile image mode=RGB size=1382x2242 at 0x11020DE20>,8,21
image_360.jpg,<PIL.JpegImagePlugin.JpegImageFile image mode=RGB size=1382x2259 at 0x11020CE60>,1,12
image_361.jpg,<PIL.JpegImagePlugin.JpegImageFile image mode=RGB size=2225x1382 at 0x11020DC10>,10,21
image_362.jpg,<PIL.JpegImagePlugin.JpegImageFile image mode=RGB size=1382x1827 at 0x11020DF10>,7,17
image_363.jpg,<PIL.JpegImagePlugin.JpegImageFile image mode=RGB size=1920x1382 at 0x11020DFA0>,8,21
image_364.jpg,<PIL.JpegImagePlugin.JpegImageFile image mode=RGB size=1875x1382 at 0x11020CEC0>,4,7
image_365.jpg,<PIL.JpegImagePlugin.JpegImageFile image mode=RGB size=1382x1813 at 0x11020E000>,5,21
image_366.jpg,<PIL.JpegImagePlugin.JpegImageFile image mode=RGB size=1382x2207 at 0x11020E060>,3,15
image_367.jpg,<PIL.JpegImagePlugin.JpegImageFile image mode=RGB size=1871x1382 at 0x11020CDA0>,2,12
image_368.jpg,<PIL.JpegImagePlugin.JpegImageFile image mode=RGB size=1382x1744 at 0x11020DB20>,6,12
image_369.jpg,<PIL.JpegImagePlugin.JpegImageFile image mode=RGB size=1771x1382 at 0x11020DC70>,8,20
image_370.jpg,<PIL.JpegImagePlugin.JpegImageFile image mode=RGB size=1653x1382 at 0x11020CD40>,5,12
image_371.jpg,<PIL.JpegImagePlugin.JpegImageFile image mode=RGB size=1382x2002 at 0x11020C860>,4,21
image_372.jpg,<PIL.JpegImagePlugin.JpegImageFile image mode=RGB size=1382x1962 at 0x11020C230>,9,2
image_373.jpg,<PIL.JpegImagePlugin.JpegImageFile image mode=RGB size=2229x1382 at 0x11020D940>,10,21
image_374.jpg,<PIL.JpegImagePlugin.JpegImageFile image mode=RGB size=1382x1924 at 0x11020CA40>,2,12
image_375.jpg,<PIL.JpegImagePlugin.JpegImageFile image mode=RGB size=1382x1694 at 0x11020DC70>,6,21
image_376.jpg,<PIL.JpegImagePlugin.JpegImageFile image mode=RGB size=1382x1827 at 0x11020CD40>,7,23
image_377.jpg,<PIL.JpegImagePlugin.JpegImageFile image mode=RGB size=1382x1691 at 0x11020C860>,8,17
image_378.jpg,<PIL.JpegImagePlugin.JpegImageFile image mode=RGB size=1382x1753 at 0x11020C230>,10,4
image_379.jpg,<PIL.JpegImagePlugin.JpegImageFile image mode=RGB size=1382x2122 at 0x11020D940>,6,21
image_380.jpg,<PIL.JpegImagePlugin.JpegImageFile image mode=RGB size=1382x1787 at 0x11020CDA0>,4,12
image_381.jpg,<PIL.JpegImagePlugin.JpegImageFile image mode=RGB size=1382x2073 at 0x11020DD00>,10,3
image_382.jpg,<PIL.JpegImagePlugin.JpegImageFile image mode=RGB size=1982x1382 at 0x11020DD90>,1,12
image_383.jpg,<PIL.JpegImagePlugin.JpegImageFile image mode=RGB size=2221x1381 at 0x11020D130>,1,21
image_384.jpg,<PIL.JpegImagePlugin.JpegImageFile image mode=RGB size=1650x1382 at 0x11020DDC0>,6,21
image_385.jpg,<PIL.JpegImagePlugin.JpegImageFile image mode=RGB size=1382x2720 at 0x11020DF70>,6,21
image_386.jpg,<PIL.JpegImagePlugin.JpegImageFile image mode=RGB size=1678x1382 at 0x11020DEE0>,4,20
image_387.jpg,<PIL.JpegImagePlugin.JpegImageFile image mode=RGB size=1893x1382 at 0x11020DFA0>,4,12
image_388.jpg,<PIL.JpegImagePlugin.JpegImageFile image mode=RGB size=1382x1817 at 0x11020CEC0>,3,23
image_389.jpg,<PIL.JpegImagePlugin.JpegImageFile image mode=RGB size=1895x1382 at 0x11020E000>,4,24
image_390.jpg,<PIL.JpegImagePlugin.JpegImageFile image mode=RGB size=2109x1382 at 0x11020C9B0>,6,21
image_391.jpg,<PIL.JpegImagePlugin.JpegImageFile image mode=RGB size=1808x1382 at 0x11020CB30>,2,12
image_392.jpg,<PIL.JpegImagePlugin.JpegImageFile image mode=RGB size=2223x1382 at 0x11020E060>,10,3
image_393.jpg,<PIL.JpegImagePlugin.JpegImageFile image mode=RGB size=1767x1382 at 0x11020E0C0>,1,12
image_394.jpg,<PIL.JpegImagePlugin.JpegImageFile image mode=RGB size=1382x1826 at 0x11020DE50>,3,23
image_395.jpg,<PIL.JpegImagePlugin.JpegImageFile image mode=RGB size=1722x1382 at 0x11020E000>,10,12
image_396.jpg,<PIL.JpegImagePlugin.JpegImageFile image mode=RGB size=1382x1632 at 0x11020C9B0>,6,12
image_397.jpg,<PIL.JpegImagePlugin.JpegImageFile image mode=RGB size=1382x1753 at 0x11020CB30>,6,23
image_398.jpg,<PIL.JpegImagePlugin.JpegImageFile image mode=RGB size=1382x1564 at 0x11020E060>,1,21
image_399.jpg,<PIL.JpegImagePlugin.JpegImageFile image mode=RGB size=1382x1740 at 0x11020E0C0>,6,15
image_400.jpg,<PIL.JpegImagePlugin.JpegImageFile image mode=RGB size=1382x2661 at 0x11020DFA0>,2,12
image_401.jpg,<PIL.JpegImagePlugin.JpegImageFile image mode=RGB size=1382x2013 at 0x11020DD30>,6,21
image_402.jpg,<PIL.JpegImagePlugin.JpegImageFile image mode=RGB size=2104x1382 at 0x11020CCE0>,4,24
image_403.jpg,<PIL.JpegImagePlugin.JpegImageFile image mode=RGB size=2205x1382 at 0x11020CAD0>,7,24
image_404.jpg,<PIL.JpegImagePlugin.JpegImageFile image mode=RGB size=2071x1382 at 0x11020CC80>,1,17
image_405.jpg,<PIL.JpegImagePlugin.JpegImageFile image mode=RGB size=2289x1382 at 0x11020DFD0>,8,9
image_406.jpg,<PIL.JpegImagePlugin.JpegImageFile image mode=RGB size=1877x1382 at 0x11020CA70>,6,9
image_407.jpg,<PIL.JpegImagePlugin.JpegImageFile image mode=RGB size=2159x1382 at 0x11020D130>,8,21
image_408.jpg,<PIL.JpegImagePlugin.JpegImageFile image mode=RGB size=1689x1382 at 0x11020DDC0>,1,12
image_409.jpg,<PIL.JpegImagePlugin.JpegImageFile image mode=RGB size=2005x1382 at 0x11020DF70>,10,12
image_410.jpg,<PIL.JpegImagePlugin.JpegImageFile image mode=RGB size=2372x1382 at 0x11020DC70>,1,3
image_411.jpg,<PIL.JpegImagePlugin.JpegImageFile image mode=RGB size=1453x1382 at 0x11020DD60>,2,12
image_412.jpg,<PIL.JpegImagePlugin.JpegImageFile image mode=RGB size=1382x1554 at 0x11020DEE0>,8,4
image_413.jpg,<PIL.JpegImagePlugin.JpegImageFile image mode=RGB size=1851x1382 at 0x11020CAA0>,4,12
image_414.jpg,<PIL.JpegImagePlugin.JpegImageFile image mode=RGB size=4531x1382 at 0x11020C230>,4,24
image_415.jpg,<PIL.JpegImagePlugin.JpegImageFile image mode=RGB size=1382x2358 at 0x11020DF70>,8,20
image_416.jpg,<PIL.JpegImagePlugin.JpegImageFile image mode=RGB size=1382x1676 at 0x11020DC70>,10,12
image_417.jpg,<PIL.JpegImagePlugin.JpegImageFile image mode=RGB size=1382x1881 at 0x11020DD60>,6,4
image_418.jpg,<PIL.JpegImagePlugin.JpegImageFile image mode=RGB size=2013x1382 at 0x11020DEE0>,10,12
image_419.jpg,<PIL.JpegImagePlugin.JpegImageFile image mode=RGB size=1980x1382 at 0x11020CAA0>,4,12
image_420.jpg,<PIL.JpegImagePlugin.JpegImageFile image mode=RGB size=1382x1682 at 0x11020D130>,7,15
image_421.jpg,<PIL.JpegImagePlugin.JpegImageFile image mode=RGB size=1718x1382 at 0x11020DE20>,9,12
image_422.jpg,<PIL.JpegImagePlugin.JpegImageFile image mode=RGB size=1382x1393 at 0x11020CC20>,2,20
image_423.jpg,<PIL.JpegImagePlugin.JpegImageFile image mode=RGB size=1915x1382 at 0x11020DBB0>,8,12
image_424.jpg,<PIL.JpegImagePlugin.JpegImageFile image mode=RGB size=1382x1834 at 0x11020CB00>,1,12
image_425.jpg,<PIL.JpegImagePlugin.JpegImageFile image mode=RGB size=1382x1916 at 0x11020CDD0>,7,4
image_426.jpg,<PIL.JpegImagePlugin.JpegImageFile image mode=RGB size=1382x1745 at 0x11020C950>,7,23
image_427.jpg,<PIL.JpegImagePlugin.JpegImageFile image mode=RGB size=1381x2228 at 0x11020CAD0>,6,12
image_428.jpg,<PIL.JpegImagePlugin.JpegImageFile image mode=RGB size=1859x1382 at 0x11020CC80>,4,4
image_429.jpg,<PIL.JpegImagePlugin.JpegImageFile image mode=RGB size=1611x1382 at 0x11020DFD0>,1,12
image_430.jpg,<PIL.JpegImagePlugin.JpegImageFile image mode=RGB size=2001x1382 at 0x11020E000>,8,20
image_431.jpg,<PIL.JpegImagePlugin.JpegImageFile image mode=RGB size=1841x1382 at 0x11020CBF0>,9,20
image_432.jpg,<PIL.JpegImagePlugin.JpegImageFile image mode=RGB size=1807x1382 at 0x11020CA70>,8,21
image_433.jpg,<PIL.JpegImagePlugin.JpegImageFile image mode=RGB size=1382x1796 at 0x11020CD70>,7,17
image_434.jpg,<PIL.JpegImagePlugin.JpegImageFile image mode=RGB size=1382x2412 at 0x11020E060>,2,12
image_435.jpg,<PIL.JpegImagePlugin.JpegImageFile image mode=RGB size=1382x1971 at 0x11020DFD0>,6,17
image_436.jpg,<PIL.JpegImagePlugin.JpegImageFile image mode=RGB size=1382x1424 at 0x11020E000>,4,12
image_437.jpg,<PIL.JpegImagePlugin.JpegImageFile image mode=RGB size=1382x1766 at 0x11020CBF0>,6,21
image_438.jpg,<PIL.JpegImagePlugin.JpegImageFile image mode=RGB size=1382x2197 at 0x11020CA70>,8,21
image_439.jpg,<PIL.JpegImagePlugin.JpegImageFile image mode=RGB size=1744x1382 at 0x11020CD70>,4,23
image_440.jpg,<PIL.JpegImagePlugin.JpegImageFile image mode=RGB size=1666x1382 at 0x11020CAD0>,4,12
image_441.jpg,<PIL.JpegImagePlugin.JpegImageFile image mode=RGB size=2066x1382 at 0x11020D940>,4,9
image_442.jpg,<PIL.JpegImagePlugin.JpegImageFile image mode=RGB size=1382x1935 at 0x11020DE80>,4,20
image_443.jpg,<PIL.JpegImagePlugin.JpegImageFile image mode=RGB size=2327x1382 at 0x11020CE00>,10,12
image_444.jpg,<PIL.JpegImagePlugin.JpegImageFile image mode=RGB size=1382x1430 at 0x11020E0F0>,2,9
image_445.jpg,<PIL.JpegImagePlugin.JpegImageFile image mode=RGB size=1382x2023 at 0x11020CD40>,6,17
image_446.jpg,<PIL.JpegImagePlugin.JpegImageFile image mode=RGB size=1382x1848 at 0x11020E030>,9,9
image_447.jpg,<PIL.JpegImagePlugin.JpegImageFile image mode=RGB size=1753x1382 at 0x11020DBB0>,2,12
image_448.jpg,<PIL.JpegImagePlugin.JpegImageFile image mode=RGB size=1382x2028 at 0x11020CB00>,3,9
image_449.jpg,<PIL.JpegImagePlugin.JpegImageFile image mode=RGB size=2063x1382 at 0x11020CDD0>,4,24
image_450.jpg,<PIL.JpegImagePlugin.JpegImageFile image mode=RGB size=1640x1382 at 0x11020DF70>,4,12
image_451.jpg,<PIL.JpegImagePlugin.JpegImageFile image mode=RGB size=1839x1382 at 0x11020DF40>,4,12
image_452.jpg,<PIL.JpegImagePlugin.JpegImageFile image mode=RGB size=1382x1721 at 0x11020C950>,6,12
image_453.jpg,<PIL.JpegImagePlugin.JpegImageFile image mode=RGB size=1382x1429 at 0x11020E090>,6,21
image_454.jpg,<PIL.JpegImagePlugin.JpegImageFile image mode=RGB size=1743x1382 at 0x11020DEE0>,10,3
image_455.jpg,<PIL.JpegImagePlugin.JpegImageFile image mode=RGB size=1724x1382 at 0x11020CDD0>,10,12
image_456.jpg,<PIL.JpegImagePlugin.JpegImageFile image mode=RGB size=1382x1869 at 0x11020DF70>,10,17
image_457.jpg,<PIL.JpegImagePlugin.JpegImageFile image mode=RGB size=1382x2264 at 0x11020DF40>,7,17
image_458.jpg,<PIL.JpegImagePlugin.JpegImageFile image mode=RGB size=1382x1941 at 0x11020C950>,2,3
image_459.jpg,<PIL.JpegImagePlugin.JpegImageFile image mode=RGB size=1393x1382 at 0x11020E090>,10,24
image_460.jpg,<PIL.JpegImagePlugin.JpegImageFile image mode=RGB size=1382x1738 at 0x11020DBB0>,6,7
image_461.jpg,<PIL.JpegImagePlugin.JpegImageFile image mode=RGB size=2100x1382 at 0x11020E0C0>,8,20
image_462.jpg,<PIL.JpegImagePlugin.JpegImageFile image mode=RGB size=1814x1382 at 0x11020DEB0>,8,20
image_463.jpg,<PIL.JpegImagePlugin.JpegImageFile image mode=RGB size=1870x1382 at 0x11020CBC0>,1,12
image_464.jpg,<PIL.JpegImagePlugin.JpegImageFile image mode=RGB size=1382x1727 at 0x11020DB20>,3,23
image_465.jpg,<PIL.JpegImagePlugin.JpegImageFile image mode=RGB size=1603x1382 at 0x11020C9B0>,9,25
image_466.jpg,<PIL.JpegImagePlugin.JpegImageFile image mode=RGB size=1382x1914 at 0x11020DC10>,7,17
image_467.jpg,<PIL.JpegImagePlugin.JpegImageFile image mode=RGB size=1706x1382 at 0x11020CE00>,1,12
image_468.jpg,<PIL.JpegImagePlugin.JpegImageFile image mode=RGB size=1738x1382 at 0x11020E0F0>,3,23
image_469.jpg,<PIL.JpegImagePlugin.JpegImageFile image mode=RGB size=1382x1804 at 0x11020CD40>,3,23
image_470.jpg,<PIL.JpegImagePlugin.JpegImageFile image mode=RGB size=1382x1858 at 0x11020DFD0>,6,4
image_471.jpg,<PIL.JpegImagePlugin.JpegImageFile image mode=RGB size=1732x1382 at 0x11020CE60>,4,20
image_472.jpg,<PIL.JpegImagePlugin.JpegImageFile image mode=RGB size=2221x1381 at 0x11020E030>,4,23
image_473.jpg,<PIL.JpegImagePlugin.JpegImageFile image mode=RGB size=1382x1479 at 0x11020DDF0>,6,12
image_474.jpg,<PIL.JpegImagePlugin.JpegImageFile image mode=RGB size=2214x1382 at 0x11020CA70>,4,12
image_475.jpg,<PIL.JpegImagePlugin.JpegImageFile image mode=RGB size=1793x1382 at 0x11020CD40>,10,15
image_476.jpg,<PIL.JpegImagePlugin.JpegImageFile image mode=RGB size=1381x1916 at 0x11020DFD0>,5,3
image_477.jpg,<PIL.JpegImagePlugin.JpegImageFile image mode=RGB size=1382x1729 at 0x11020CE60>,4,12
image_478.jpg,<PIL.JpegImagePlugin.JpegImageFile image mode=RGB size=1382x1615 at 0x11020E030>,5,20
image_479.jpg,<PIL.JpegImagePlugin.JpegImageFile image mode=RGB size=1382x2193 at 0x11020DDF0>,8,20
image_480.jpg,<PIL.JpegImagePlugin.JpegImageFile image mode=RGB size=1415x1382 at 0x11020CE00>,4,12
image_481.jpg,<PIL.JpegImagePlugin.JpegImageFile image mode=RGB size=1678x1382 at 0x11020CAA0>,10,12
image_482.jpg,<PIL.JpegImagePlugin.JpegImageFile image mode=RGB size=1382x2122 at 0x11020DF10>,5,9
image_483.jpg,<PIL.JpegImagePlugin.JpegImageFile image mode=RGB size=1382x1760 at 0x11020CA40>,1,12
image_484.jpg,<PIL.JpegImagePlugin.JpegImageFile image mode=RGB size=1868x1382 at 0x11020CEC0>,4,24
image_485.jpg,<PIL.JpegImagePlugin.JpegImageFile image mode=RGB size=1725x1382 at 0x11020DC70>,4,20
image_486.jpg,<PIL.JpegImagePlugin.JpegImageFile image mode=RGB size=1964x1382 at 0x11020DD00>,9,21
image_487.jpg,<PIL.JpegImagePlugin.JpegImageFile image mode=RGB size=1382x1899 at 0x11020CBC0>,7,17
image_488.jpg,<PIL.JpegImagePlugin.JpegImageFile image mode=RGB size=1974x1382 at 0x11020DB20>,4,24
image_489.jpg,<PIL.JpegImagePlugin.JpegImageFile image mode=RGB size=2254x1382 at 0x11020C9B0>,2,3
image_490.jpg,<PIL.JpegImagePlugin.JpegImageFile image mode=RGB size=1747x1382 at 0x11020CDD0>,4,23
image_491.jpg,<PIL.JpegImagePlugin.JpegImageFile image mode=RGB size=1908x1382 at 0x11020CDA0>,8,9
image_492.jpg,<PIL.JpegImagePlugin.JpegImageFile image mode=RGB size=1740x1382 at 0x11020DC10>,4,21
image_493.jpg,<PIL.JpegImagePlugin.JpegImageFile image mode=RGB size=1382x1717 at 0x11020DB50>,2,12
image_494.jpg,<PIL.JpegImagePlugin.JpegImageFile image mode=RGB size=3463x1382 at 0x11020C950>,4,4
image_495.jpg,<PIL.JpegImagePlugin.JpegImageFile image mode=RGB size=1382x1738 at 0x11020C9B0>,6,12
image_496.jpg,<PIL.JpegImagePlugin.JpegImageFile image mode=RGB size=1823x1382 at 0x11020CDD0>,2,24
image_497.jpg,<PIL.JpegImagePlugin.JpegImageFile image mode=RGB size=1821x1382 at 0x11020CDA0>,8,12
image_498.jpg,<PIL.JpegImagePlugin.JpegImageFile image mode=RGB size=1382x2494 at 0x11020DC10>,2,12
image_499.jpg,<PIL.JpegImagePlugin.JpegImageFile image mode=RGB size=1382x1713 at 0x11020DB50>,4,20
